{"cameraMode":{"drawMode":0,"name":"Shaded","section":"Shading Mode"},"sceneLighting":false,"audioPlay":false,"sceneViewState":{"showFog":true,"showMaterialUpdate":false,"showSkybox":false,"showFlares":true,"showImageEffects":true,"showParticleSystems":true},"in2DMode":false,"pivot":{"x":0.2800002098083496,"y":1.415000319480896,"z":-0.9800000190734863},"rotation":{"x":-0.31654495000839236,"y":0.27695390582084658,"z":-0.0971904844045639,"w":-0.9020254015922546},"size":1.259270191192627,"orthographic":false}